{"schemaVersion":"1.0","appDefinitionTemplate":{"id":"/providers/Microsoft.PowerApps/apps/","type":"Microsoft.PowerApps/apps","tags":{"primaryDeviceWidth":"1366","primaryDeviceHeight":"768","supportsPortrait":"true","supportsLandscape":"true","primaryFormFactor":"Tablet","publisherVersion":"3.22102.32","minimumRequiredApiVersion":"2.2.0","hasComponent":"false","hasUnlockedComponent":"false","isUnifiedRootApp":"false","sienaVersion":"20221025T111449Z-3.22102.32.0"},"properties":{"appVersion":"2022-10-25T11:14:49Z","lifeCycleId":"Published","createdByClientVersion":{"major":3,"minor":22102,"build":32,"revision":0,"majorRevision":0,"minorRevision":0},"minClientVersion":{"major":3,"minor":22102,"build":32,"revision":0,"majorRevision":0,"minorRevision":0},"backgroundColor":"rgba(111, 121, 168, 1)","backgroundImageUri":"/1407810990351374324/Nad0ffb2e-6457-440b-a738-da58ac32f979-logoSmallFile","displayName":"Catalogue_App","description":"","commitMessage":"","appUris":{"documentUri":{"value":"/1407810990351374324/N2fb47417-2444-455b-b139-2cd8f69af180-document.msapp"},"imageUris":[],"additionalUris":[]},"createdTime":"0001-01-01T00:00:00Z","lastModifiedTime":"0001-01-01T00:00:00Z","sharedGroupsCount":0,"sharedUsersCount":0,"icons":{"smallIconUri":"/1407810990351374324/Nb586ad0c-b582-4697-8985-ebaa7b8a8a23-small.png","mediumIconUri":"/1407810990351374324/Nafc0a4bb-efbd-4735-969d-567b4411f957-medium.png","largeIconUri":"/1407810990351374324/Nb2e7eb52-663c-4a65-963d-59805e83a023-large.png","wideIconUri":"/1407810990351374324/N5cc3b4ea-3aea-423d-99f7-a36244442c4d-wide.png"},"connectionReferences":{"208c2653-2d42-40ac-9fe9-01c32b7d2d54":{"id":"82941e9d-6225-4590-aeea-dcdf97cd516a","displayName":"SharePoint","iconUri":"https://connectoricons-prod.azureedge.net/releases/v1.0.1601/1.0.1601.3047/sharepointonline/icon.png","dataSources":["Catallogue"],"dependencies":[],"dependents":[],"parameterHints":{},"parameterHintsV2":{},"isOnPremiseConnection":false,"bypassConsent":false,"dataSets":{"https://t8656.sharepoint.com/sites/Catallogue/":{"dataSources":{"Catallogue":{"tableName":"eae842cc-a105-4a49-8053-af5cf19f3567"}}}},"apiTier":"Standard","isCustomApiConnection":false,"actions":["providers/PowerPlatform.Governance/Operations/Read"]}},"databaseReferences":{},"almMode":"Environment","performanceOptimizationEnabled":true,"canConsumeAppPass":true,"enableModernRuntimeMode":false,"executionRestrictions":{"isTeamsOnly":false,"dataLossPreventionEvaluationResult":{"status":"Compliant","lastEvaluationDate":"2022-10-23T15:47:55.0397721Z","violations":[],"violationsByPolicy":[],"violationErrorMessage":"La aplicación usa los siguientes conectores: ."}}},"appType":"ClassicCanvasApp","appComponents":[]}}