{"schemaVersion":"1.0","appDefinitionTemplate":{"id":"/providers/Microsoft.PowerApps/apps/","type":"Microsoft.PowerApps/apps","tags":{"primaryDeviceWidth":"1366","primaryDeviceHeight":"768","supportsPortrait":"true","supportsLandscape":"true","primaryFormFactor":"Tablet","publisherVersion":"3.22102.32","minimumRequiredApiVersion":"2.2.0","hasComponent":"false","hasUnlockedComponent":"false","isUnifiedRootApp":"false","sienaVersion":"20221024T162229Z-3.22102.32.0"},"properties":{"appVersion":"2022-10-24T16:22:29Z","lifeCycleId":"Published","createdByClientVersion":{"major":3,"minor":22102,"build":32,"revision":0,"majorRevision":0,"minorRevision":0},"minClientVersion":{"major":3,"minor":22102,"build":32,"revision":0,"majorRevision":0,"minorRevision":0},"backgroundColor":"rgba(111, 121, 168, 1)","backgroundImageUri":"/1407810990351374324/Nd47d8f5c-62e7-4018-a6a7-500693741b71-logoSmallFile","displayName":"Catalogue_App","description":"","commitMessage":"","appUris":{"documentUri":{"value":"/1407810990351374324/Ncf133ab8-c299-4c96-ac82-d7f390fd1d6c-document.msapp"},"imageUris":[],"additionalUris":[]},"createdTime":"0001-01-01T00:00:00Z","lastModifiedTime":"0001-01-01T00:00:00Z","sharedGroupsCount":0,"sharedUsersCount":0,"icons":{"smallIconUri":"/1407810990351374324/N9f934c31-73f2-431b-bd73-f65013c15816-small.png","mediumIconUri":"/1407810990351374324/Nd3cac378-c7c9-4b58-b4fb-a7448cc47fa8-medium.png","largeIconUri":"/1407810990351374324/N65465e3b-ded9-4c46-8eb1-7219ed0116b3-large.png","wideIconUri":"/1407810990351374324/N3e67bb7c-2aea-4a46-b319-c8f3b573d9e4-wide.png"},"connectionReferences":{"208c2653-2d42-40ac-9fe9-01c32b7d2d54":{"id":"82941e9d-6225-4590-aeea-dcdf97cd516a","displayName":"SharePoint","iconUri":"https://connectoricons-prod.azureedge.net/releases/v1.0.1591/1.0.1591.2961/sharepointonline/icon.png","dataSources":["Catallogue"],"dependencies":[],"dependents":[],"parameterHints":{},"parameterHintsV2":{},"isOnPremiseConnection":false,"bypassConsent":false,"dataSets":{"https://t8656.sharepoint.com/sites/Catallogue/":{"dataSources":{"Catallogue":{"tableName":"eae842cc-a105-4a49-8053-af5cf19f3567"}}}},"apiTier":"Standard","isCustomApiConnection":false,"actions":["providers/PowerPlatform.Governance/Operations/Read"]}},"databaseReferences":{},"almMode":"Environment","performanceOptimizationEnabled":true,"canConsumeAppPass":true,"enableModernRuntimeMode":false,"executionRestrictions":{"isTeamsOnly":false,"dataLossPreventionEvaluationResult":{"status":"Compliant","lastEvaluationDate":"2022-10-23T15:47:55.0397721Z","violations":[],"violationsByPolicy":[],"violationErrorMessage":"La aplicación usa los siguientes conectores: ."}}},"appType":"ClassicCanvasApp","appComponents":[]}}