{"schemaVersion":"1.0","appDefinitionTemplate":{"id":"/providers/Microsoft.PowerApps/apps/","type":"Microsoft.PowerApps/apps","tags":{"primaryDeviceWidth":"1366","primaryDeviceHeight":"768","supportsPortrait":"true","supportsLandscape":"true","primaryFormFactor":"Tablet","publisherVersion":"3.22102.32","minimumRequiredApiVersion":"2.2.0","hasComponent":"false","hasUnlockedComponent":"false","isUnifiedRootApp":"false","sienaVersion":"20221024T074312Z-3.22102.32.0"},"properties":{"appVersion":"2022-10-24T07:43:12Z","lifeCycleId":"Published","createdByClientVersion":{"major":3,"minor":22102,"build":32,"revision":0,"majorRevision":0,"minorRevision":0},"minClientVersion":{"major":3,"minor":22102,"build":32,"revision":0,"majorRevision":0,"minorRevision":0},"backgroundColor":"rgba(111, 121, 168, 1)","backgroundImageUri":"/1407810990351374324/Na7edc204-1aae-4609-a2a0-60b3b1fccfff-logoSmallFile","displayName":"Catalogue_App","description":"","commitMessage":"","appUris":{"documentUri":{"value":"/1407810990351374324/Nab2e2eab-d17e-422d-b6c5-c8160d5a3027-document.msapp"},"imageUris":[],"additionalUris":[]},"createdTime":"0001-01-01T00:00:00Z","lastModifiedTime":"0001-01-01T00:00:00Z","sharedGroupsCount":0,"sharedUsersCount":0,"icons":{"smallIconUri":"/1407810990351374324/Na311acaf-e809-41b9-ba70-6259d16d215c-small.png","mediumIconUri":"/1407810990351374324/N52df7c6f-4a9a-4e14-8e8d-23197ca02700-medium.png","largeIconUri":"/1407810990351374324/N574d843f-57c5-47b3-91cf-218c70720da4-large.png","wideIconUri":"/1407810990351374324/Ne9b51062-8b7b-4cb1-893b-32765e231665-wide.png"},"connectionReferences":{"208c2653-2d42-40ac-9fe9-01c32b7d2d54":{"id":"82941e9d-6225-4590-aeea-dcdf97cd516a","displayName":"SharePoint","iconUri":"https://connectoricons-prod.azureedge.net/releases/v1.0.1591/1.0.1591.2961/sharepointonline/icon.png","dataSources":["Catallogue"],"dependencies":[],"dependents":[],"parameterHints":{},"parameterHintsV2":{},"isOnPremiseConnection":false,"bypassConsent":false,"dataSets":{"https://t8656.sharepoint.com/sites/Catallogue/":{"dataSources":{"Catallogue":{"tableName":"eae842cc-a105-4a49-8053-af5cf19f3567"}}}},"apiTier":"Standard","isCustomApiConnection":false,"actions":["providers/PowerPlatform.Governance/Operations/Read"]}},"databaseReferences":{},"almMode":"Environment","performanceOptimizationEnabled":true,"canConsumeAppPass":true,"enableModernRuntimeMode":false,"executionRestrictions":{"isTeamsOnly":false,"dataLossPreventionEvaluationResult":{"status":"Compliant","lastEvaluationDate":"2022-10-23T15:47:55.0397721Z","violations":[],"violationsByPolicy":[],"violationErrorMessage":"La aplicación usa los siguientes conectores: ."}}},"appType":"ClassicCanvasApp","appComponents":[]}}