{"schemaVersion":"1.0","appDefinitionTemplate":{"id":"/providers/Microsoft.PowerApps/apps/","type":"Microsoft.PowerApps/apps","tags":{"primaryDeviceWidth":"1366","primaryDeviceHeight":"768","supportsPortrait":"true","supportsLandscape":"true","primaryFormFactor":"Tablet","publisherVersion":"3.22102.32","minimumRequiredApiVersion":"2.2.0","hasComponent":"false","hasUnlockedComponent":"false","isUnifiedRootApp":"false","sienaVersion":"20221024T085454Z-3.22102.32.0"},"properties":{"appVersion":"2022-10-24T08:54:54Z","lifeCycleId":"Published","createdByClientVersion":{"major":3,"minor":22102,"build":32,"revision":0,"majorRevision":0,"minorRevision":0},"minClientVersion":{"major":3,"minor":22102,"build":32,"revision":0,"majorRevision":0,"minorRevision":0},"backgroundColor":"rgba(111, 121, 168, 1)","backgroundImageUri":"/1407810990351374324/N776a644d-1f97-4c4d-a56f-6a33400e65b7-logoSmallFile","displayName":"Catalogue_App","description":"","commitMessage":"","appUris":{"documentUri":{"value":"/1407810990351374324/Ne3b8d629-47f7-4ab4-8185-149b63165491-document.msapp"},"imageUris":[],"additionalUris":[]},"createdTime":"0001-01-01T00:00:00Z","lastModifiedTime":"0001-01-01T00:00:00Z","sharedGroupsCount":0,"sharedUsersCount":0,"icons":{"smallIconUri":"/1407810990351374324/N3cd9b84d-d75d-432c-a190-0544db563f74-small.png","mediumIconUri":"/1407810990351374324/N8f9ca5e4-b5cb-4c89-9a4f-587e31e08626-medium.png","largeIconUri":"/1407810990351374324/Na11c680f-a3b9-486a-b428-193a3492cd12-large.png","wideIconUri":"/1407810990351374324/N81bd345b-4880-4bc7-a404-104ed8a6c219-wide.png"},"connectionReferences":{"208c2653-2d42-40ac-9fe9-01c32b7d2d54":{"id":"82941e9d-6225-4590-aeea-dcdf97cd516a","displayName":"SharePoint","iconUri":"https://connectoricons-prod.azureedge.net/releases/v1.0.1591/1.0.1591.2961/sharepointonline/icon.png","dataSources":["Catallogue"],"dependencies":[],"dependents":[],"parameterHints":{},"parameterHintsV2":{},"isOnPremiseConnection":false,"bypassConsent":false,"dataSets":{"https://t8656.sharepoint.com/sites/Catallogue/":{"dataSources":{"Catallogue":{"tableName":"eae842cc-a105-4a49-8053-af5cf19f3567"}}}},"apiTier":"Standard","isCustomApiConnection":false,"actions":["providers/PowerPlatform.Governance/Operations/Read"]}},"databaseReferences":{},"almMode":"Environment","performanceOptimizationEnabled":true,"canConsumeAppPass":true,"enableModernRuntimeMode":false,"executionRestrictions":{"isTeamsOnly":false,"dataLossPreventionEvaluationResult":{"status":"Compliant","lastEvaluationDate":"2022-10-23T15:47:55.0397721Z","violations":[],"violationsByPolicy":[],"violationErrorMessage":"La aplicación usa los siguientes conectores: ."}}},"appType":"ClassicCanvasApp","appComponents":[]}}