{"schemaVersion":"1.0","appDefinitionTemplate":{"id":"/providers/Microsoft.PowerApps/apps/","type":"Microsoft.PowerApps/apps","tags":{"primaryDeviceWidth":"1366","primaryDeviceHeight":"768","supportsPortrait":"true","supportsLandscape":"true","primaryFormFactor":"Tablet","publisherVersion":"3.22102.32","minimumRequiredApiVersion":"2.2.0","hasComponent":"false","hasUnlockedComponent":"false","isUnifiedRootApp":"false","sienaVersion":"20221024T113401Z-3.22102.32.0"},"properties":{"appVersion":"2022-10-24T11:34:01Z","lifeCycleId":"Published","createdByClientVersion":{"major":3,"minor":22102,"build":32,"revision":0,"majorRevision":0,"minorRevision":0},"minClientVersion":{"major":3,"minor":22102,"build":32,"revision":0,"majorRevision":0,"minorRevision":0},"backgroundColor":"rgba(111, 121, 168, 1)","backgroundImageUri":"/1407810990351374324/Ne14b8a6a-28ef-4b39-84d8-b65c51ec1930-logoSmallFile","displayName":"Catalogue_App","description":"","commitMessage":"","appUris":{"documentUri":{"value":"/1407810990351374324/N8cb1c632-cc94-4502-9280-7fe02d4c785b-document.msapp"},"imageUris":[],"additionalUris":[]},"createdTime":"0001-01-01T00:00:00Z","lastModifiedTime":"0001-01-01T00:00:00Z","sharedGroupsCount":0,"sharedUsersCount":0,"icons":{"smallIconUri":"/1407810990351374324/Nbb2fe2c9-d790-4fb1-bd24-06f435e5dadc-small.png","mediumIconUri":"/1407810990351374324/N1da6e218-96db-48ea-8484-99288ee4e4e8-medium.png","largeIconUri":"/1407810990351374324/Nfd0908f6-9dc0-4da0-8121-b0132a32156f-large.png","wideIconUri":"/1407810990351374324/Ne268c6da-52be-4cff-b405-afe5b42ae3e4-wide.png"},"connectionReferences":{"208c2653-2d42-40ac-9fe9-01c32b7d2d54":{"id":"82941e9d-6225-4590-aeea-dcdf97cd516a","displayName":"SharePoint","iconUri":"https://connectoricons-prod.azureedge.net/releases/v1.0.1591/1.0.1591.2961/sharepointonline/icon.png","dataSources":["Catallogue"],"dependencies":[],"dependents":[],"parameterHints":{},"parameterHintsV2":{},"isOnPremiseConnection":false,"bypassConsent":false,"dataSets":{"https://t8656.sharepoint.com/sites/Catallogue/":{"dataSources":{"Catallogue":{"tableName":"eae842cc-a105-4a49-8053-af5cf19f3567"}}}},"apiTier":"Standard","isCustomApiConnection":false,"actions":["providers/PowerPlatform.Governance/Operations/Read"]}},"databaseReferences":{},"almMode":"Environment","performanceOptimizationEnabled":true,"canConsumeAppPass":true,"enableModernRuntimeMode":false,"executionRestrictions":{"isTeamsOnly":false,"dataLossPreventionEvaluationResult":{"status":"Compliant","lastEvaluationDate":"2022-10-23T15:47:55.0397721Z","violations":[],"violationsByPolicy":[],"violationErrorMessage":"La aplicación usa los siguientes conectores: ."}}},"appType":"ClassicCanvasApp","appComponents":[]}}